Job Role,Education,Awards,Previous Jobs,Accepted or Rejected,,,,,,,,,,,,,,,,,,,,,
Data Science,Masters,Global,5,Accepted,,,,,,,,,,,,,,,,,,,,,
Data Science,High School,Local,4,Accepted,,,,,,,,,,,,,,,,,,,,,
Data Science,Bachelors,Regional,3,Accepted,,,,,,,,,,,,,,,,,,,,,
Data Science,Bachelors,Local,4,Rejected,,,,,,,,,,,,,,,,,,,,,
Data Science,Masters,Local,5,Accepted,,,,,,,,,,,,,,,,,,,,,
Data Science,Masters,Regional,2,Rejected,,,,,,,,,,,,,,,,,,,,,
Data Science,High School,Regional,5,Rejected,,,,,,,,,,,,,,,,,,,,,
Data Science,Bachelors,National,2,Rejected,,,,,,,,,,,,,,,,,,,,,
Data Science,Masters,National,5,Rejected,,,,,,,,,,,,,,,,,,,,,
Data Science,High School,Global,3,Rejected,,,,,,,,,,,,,,,,,,,,,
Data Science,Bachelors,National,2,Accepted,,,,,,,,,,,,,,,,,,,,,
Data Science,Bachelors,Global,1,Accepted,,,,,,,,,,,,,,,,,,,,,
Data Science,Bachelors,Global,2,Accepted,,,,,,,,,,,,,,,,,,,,,
Data Science,Bachelors,Regional,4,Accepted,,,,,,,,,,,,,,,,,,,,,
Data Science,Masters,Local,2,Rejected,,,,,,,,,,,,,,,,,,,,,
Data Science,Bachelors,Local,4,Accepted,,,,,,,,,,,,,,,,,,,,,
Data Science,Masters,Local,2,Accepted,,,,,,,,,,,,,,,,,,,,,
Data Science,Bachelors,Global,1,Accepted,,,,,,,,,,,,,,,,,,,,,
Data Science,Masters,Global,2,Accepted,,,,,,,,,,,,,,,,,,,,,
Data Science,High School,Global,1,Accepted,,,,,,,,,,,,,,,,,,,,,
Data Science,Bachelors,Regional,3,Accepted,,,,,,,,,,,,,,,,,,,,,
Data Science,Masters,Local,1,Accepted,,,,,,,,,,,,,,,,,,,,,
Data Science,High School,National,5,Rejected,,,,,,,,,,,,,,,,,,,,,
Data Science,High School,National,4,Rejected,,,,,,,,,,,,,,,,,,,,,
Data Science,High School,Local,1,Rejected,,,,,,,,,,,,,,,,,,,,,
Data Science,Bachelors,Local,4,Accepted,,,,,,,,,,,,,,,,,,,,,
Data Science,Bachelors,National,3,Rejected,,,,,,,,,,,,,,,,,,,,,
Data Science,Bachelors,Global,5,Accepted,,,,,,,,,,,,,,,,,,,,,
Data Science,High School,Local,4,Rejected,,,,,,,,,,,,,,,,,,,,,
Data Science,Bachelors,National,5,Rejected,,,,,,,,,,,,,,,,,,,,,
Data Science,Masters,Regional,2,Accepted,,,,,,,,,,,,,,,,,,,,,
Data Science,Masters,Global,2,Accepted,,,,,,,,,,,,,,,,,,,,,
Data Science,High School,National,4,Accepted,,,,,,,,,,,,,,,,,,,,,
Data Science,High School,Regional,5,Rejected,,,,,,,,,,,,,,,,,,,,,
Data Science,Bachelors,National,5,Accepted,,,,,,,,,,,,,,,,,,,,,
Data Science,High School,Regional,2,Accepted,,,,,,,,,,,,,,,,,,,,,
Data Science,Bachelors,Global,1,Rejected,,,,,,,,,,,,,,,,,,,,,
Data Science,Masters,National,3,Rejected,,,,,,,,,,,,,,,,,,,,,
Web Designer,Bachelors,Global,2,Rejected,,,,,,,,,,,,,,,,,,,,,
Web Designer,Bachelors,Regional,4,Rejected,,,,,,,,,,,,,,,,,,,,,
Web Designer,Bachelors,Regional,5,Accepted,,,,,,,,,,,,,,,,,,,,,
Web Designer,High School,National,2,Accepted,,,,,,,,,,,,,,,,,,,,,
Web Designer,Bachelors,Regional,1,Rejected,,,,,,,,,,,,,,,,,,,,,
Web Designer,Masters,Regional,5,Rejected,,,,,,,,,,,,,,,,,,,,,
Web Designer,High School,National,4,Rejected,,,,,,,,,,,,,,,,,,,,,
Web Designer,Masters,Regional,2,Accepted,,,,,,,,,,,,,,,,,,,,,
Web Designer,Masters,National,3,Accepted,,,,,,,,,,,,,,,,,,,,,
Web Designer,Masters,National,1,Rejected,,,,,,,,,,,,,,,,,,,,,
Web Designer,High School,National,1,Accepted,,,,,,,,,,,,,,,,,,,,,
Web Designer,Bachelors,Local,3,Rejected,,,,,,,,,,,,,,,,,,,,,
Web Designer,High School,Regional,1,Accepted,,,,,,,,,,,,,,,,,,,,,
Web Designer,High School,Regional,2,Accepted,,,,,,,,,,,,,,,,,,,,,
Web Designer,High School,Regional,1,Rejected,,,,,,,,,,,,,,,,,,,,,
Web Designer,Bachelors,Global,3,Accepted,,,,,,,,,,,,,,,,,,,,,
Web Designer,High School,Global,3,Accepted,,,,,,,,,,,,,,,,,,,,,
Web Designer,Masters,Local,1,Accepted,,,,,,,,,,,,,,,,,,,,,
Web Designer,High School,Global,1,Rejected,,,,,,,,,,,,,,,,,,,,,
Web Designer,High School,National,1,Rejected,,,,,,,,,,,,,,,,,,,,,
Web Designer,Masters,Regional,3,Rejected,,,,,,,,,,,,,,,,,,,,,
Web Designer,Masters,Global,2,Rejected,,,,,,,,,,,,,,,,,,,,,
Web Designer,Bachelors,National,1,Rejected,,,,,,,,,,,,,,,,,,,,,
Web Designer,High School,Regional,4,Accepted,,,,,,,,,,,,,,,,,,,,,
Web Designer,Masters,National,5,Rejected,,,,,,,,,,,,,,,,,,,,,
Web Designer,Bachelors,Local,2,Rejected,,,,,,,,,,,,,,,,,,,,,
Web Designer,Bachelors,Local,5,Accepted,,,,,,,,,,,,,,,,,,,,,
Web Designer,Bachelors,Regional,4,Accepted,,,,,,,,,,,,,,,,,,,,,
Web Designer,Masters,National,5,Accepted,,,,,,,,,,,,,,,,,,,,,
Web Designer,Masters,Regional,4,Accepted,,,,,,,,,,,,,,,,,,,,,
Web Designer,Bachelors,Regional,2,Accepted,,,,,,,,,,,,,,,,,,,,,
Web Designer,High School,Regional,4,Rejected,,,,,,,,,,,,,,,,,,,,,
Web Designer,High School,Regional,1,Rejected,,,,,,,,,,,,,,,,,,,,,
Web Designer,High School,Regional,3,Accepted,,,,,,,,,,,,,,,,,,,,,
Web Designer,High School,National,4,Rejected,,,,,,,,,,,,,,,,,,,,,
Web Designer,Masters,National,4,Rejected,,,,,,,,,,,,,,,,,,,,,
Web Designer,Bachelors,Local,5,Accepted,,,,,,,,,,,,,,,,,,,,,
Web Designer,High School,Local,2,Rejected,,,,,,,,,,,,,,,,,,,,,
Web Designer,Masters,Global,5,Rejected,,,,,,,,,,,,,,,,,,,,,
Web Designer,High School,Local,5,Rejected,,,,,,,,,,,,,,,,,,,,,
Web Designer,High School,Global,2,Rejected,,,,,,,,,,,,,,,,,,,,,
Web Designer,Masters,Global,2,Accepted,,,,,,,,,,,,,,,,,,,,,
Web Designer,Bachelors,Regional,5,Rejected,,,,,,,,,,,,,,,,,,,,,
Web Designer,High School,Regional,3,Rejected,,,,,,,,,,,,,,,,,,,,,
Web Designer,Bachelors,Local,1,Rejected,,,,,,,,,,,,,,,,,,,,,
Web Designer,Bachelors,Local,3,Rejected,,,,,,,,,,,,,,,,,,,,,
Web Designer,High School,National,4,Accepted,,,,,,,,,,,,,,,,,,,,,
Web Designer,Bachelors,Regional,5,Rejected,,,,,,,,,,,,,,,,,,,,,
Web Designer,Bachelors,Global,1,Rejected,,,,,,,,,,,,,,,,,,,,,
Web Designer,Bachelors,Local,2,Accepted,,,,,,,,,,,,,,,,,,,,,
Web Designer,High School,Regional,3,Rejected,,,,,,,,,,,,,,,,,,,,,
Web Designer,Masters,Local,3,Accepted,,,,,,,,,,,,,,,,,,,,,
Web Designer,Masters,Local,3,Accepted,,,,,,,,,,,,,,,,,,,,,
Web Designer,Bachelors,Local,5,Accepted,,,,,,,,,,,,,,,,,,,,,
Web Designer,Bachelors,National,3,Accepted,,,,,,,,,,,,,,,,,,,,,
Web Designer,High School,National,1,Accepted,,,,,,,,,,,,,,,,,,,,,
Web Designer,Bachelors,National,1,Accepted,,,,,,,,,,,,,,,,,,,,,
Web Designer,High School,National,1,Rejected,,,,,,,,,,,,,,,,,,,,,
Web Designer,High School,Local,1,Accepted,,,,,,,,,,,,,,,,,,,,,
Web Designer,Masters,Regional,1,Accepted,,,,,,,,,,,,,,,,,,,,,
Web Designer,High School,Local,1,Rejected,,,,,,,,,,,,,,,,,,,,,
Web Designer,Bachelors,Global,2,Accepted,,,,,,,,,,,,,,,,,,,,,
Web Designer,Bachelors,Local,4,Rejected,,,,,,,,,,,,,,,,,,,,,
Web Designer,Bachelors,National,1,Accepted,,,,,,,,,,,,,,,,,,,,,
Web Designer,Bachelors,Regional,1,Accepted,,,,,,,,,,,,,,,,,,,,,
Web Designer,High School,Global,1,Accepted,,,,,,,,,,,,,,,,,,,,,
Web Designer,Masters,Global,3,Rejected,,,,,,,,,,,,,,,,,,,,,
Web Designer,High School,Global,5,Accepted,,,,,,,,,,,,,,,,,,,,,
Web Designer,Bachelors,Regional,3,Accepted,,,,,,,,,,,,,,,,,,,,,
Web Designer,Masters,National,5,Rejected,,,,,,,,,,,,,,,,,,,,,
Web Designer,Bachelors,Regional,3,Rejected,,,,,,,,,,,,,,,,,,,,,
Web Designer,Masters,Regional,4,Accepted,,,,,,,,,,,,,,,,,,,,,
Web Designer,Masters,Global,5,Accepted,,,,,,,,,,,,,,,,,,,,,
Web Designer,Masters,Global,3,Accepted,,,,,,,,,,,,,,,,,,,,,
Web Designer,Bachelors,Regional,5,Rejected,,,,,,,,,,,,,,,,,,,,,
Web Designer,High School,National,3,Accepted,,,,,,,,,,,,,,,,,,,,,
Web Designer,High School,Regional,4,Accepted,,,,,,,,,,,,,,,,,,,,,
Web Designer,Masters,Local,3,Rejected,,,,,,,,,,,,,,,,,,,,,
Web Designer,Bachelors,National,1,Rejected,,,,,,,,,,,,,,,,,,,,,
Web Designer,Masters,Regional,1,Rejected,,,,,,,,,,,,,,,,,,,,,
Web Designer,Masters,Regional,2,Rejected,,,,,,,,,,,,,,,,,,,,,
Web Designer,Masters,Global,5,Rejected,,,,,,,,,,,,,,,,,,,,,
Web Designer,Bachelors,Regional,1,Rejected,,,,,,,,,,,,,,,,,,,,,
Web Designer,Bachelors,Global,3,Rejected,,,,,,,,,,,,,,,,,,,,,
Web Designer,High School,Local,4,Accepted,,,,,,,,,,,,,,,,,,,,,
Java Developer,High School,Global,5,Accepted,,,,,,,,,,,,,,,,,,,,,
Java Developer,High School,Regional,2,Accepted,,,,,,,,,,,,,,,,,,,,,
Java Developer,High School,National,2,Rejected,,,,,,,,,,,,,,,,,,,,,
Java Developer,Masters,National,4,Accepted,,,,,,,,,,,,,,,,,,,,,
Java Developer,Bachelors,Global,1,Rejected,,,,,,,,,,,,,,,,,,,,,
Java Developer,High School,Local,2,Accepted,,,,,,,,,,,,,,,,,,,,,
Java Developer,Bachelors,Regional,3,Rejected,,,,,,,,,,,,,,,,,,,,,
Java Developer,Bachelors,Global,5,Accepted,,,,,,,,,,,,,,,,,,,,,
Java Developer,Masters,National,1,Accepted,,,,,,,,,,,,,,,,,,,,,
Java Developer,Masters,Regional,1,Rejected,,,,,,,,,,,,,,,,,,,,,
Java Developer,Masters,Regional,3,Rejected,,,,,,,,,,,,,,,,,,,,,
Java Developer,Masters,Regional,5,Rejected,,,,,,,,,,,,,,,,,,,,,
Java Developer,Masters,Local,2,Accepted,,,,,,,,,,,,,,,,,,,,,
Java Developer,Masters,Regional,4,Rejected,,,,,,,,,,,,,,,,,,,,,
Java Developer,High School,National,5,Rejected,,,,,,,,,,,,,,,,,,,,,
Java Developer,Bachelors,Global,1,Rejected,,,,,,,,,,,,,,,,,,,,,
Java Developer,High School,Regional,5,Accepted,,,,,,,,,,,,,,,,,,,,,
Java Developer,High School,Global,4,Rejected,,,,,,,,,,,,,,,,,,,,,
Java Developer,Bachelors,Regional,5,Rejected,,,,,,,,,,,,,,,,,,,,,
Java Developer,Bachelors,National,2,Rejected,,,,,,,,,,,,,,,,,,,,,
Java Developer,Bachelors,Local,3,Rejected,,,,,,,,,,,,,,,,,,,,,
Java Developer,Bachelors,Regional,4,Accepted,,,,,,,,,,,,,,,,,,,,,
Java Developer,Bachelors,Regional,1,Accepted,,,,,,,,,,,,,,,,,,,,,
Java Developer,High School,Local,2,Accepted,,,,,,,,,,,,,,,,,,,,,
Java Developer,Masters,Local,5,Accepted,,,,,,,,,,,,,,,,,,,,,
Java Developer,High School,Regional,5,Accepted,,,,,,,,,,,,,,,,,,,,,
Java Developer,Masters,Regional,2,Rejected,,,,,,,,,,,,,,,,,,,,,
Java Developer,Masters,Local,4,Accepted,,,,,,,,,,,,,,,,,,,,,
Java Developer,Bachelors,Regional,4,Accepted,,,,,,,,,,,,,,,,,,,,,
Java Developer,Masters,National,4,Rejected,,,,,,,,,,,,,,,,,,,,,
Java Developer,High School,Regional,1,Accepted,,,,,,,,,,,,,,,,,,,,,
Java Developer,High School,National,1,Accepted,,,,,,,,,,,,,,,,,,,,,
Java Developer,Bachelors,Local,5,Accepted,,,,,,,,,,,,,,,,,,,,,
Java Developer,High School,National,4,Rejected,,,,,,,,,,,,,,,,,,,,,
Java Developer,High School,Global,4,Accepted,,,,,,,,,,,,,,,,,,,,,
Java Developer,Bachelors,Global,3,Rejected,,,,,,,,,,,,,,,,,,,,,
Java Developer,Bachelors,Local,2,Accepted,,,,,,,,,,,,,,,,,,,,,
Java Developer,Bachelors,Local,4,Accepted,,,,,,,,,,,,,,,,,,,,,
Java Developer,High School,Regional,1,Rejected,,,,,,,,,,,,,,,,,,,,,
Java Developer,High School,Local,3,Accepted,,,,,,,,,,,,,,,,,,,,,
Java Developer,Masters,Global,2,Accepted,,,,,,,,,,,,,,,,,,,,,
Java Developer,High School,National,1,Accepted,,,,,,,,,,,,,,,,,,,,,
Java Developer,High School,National,2,Rejected,,,,,,,,,,,,,,,,,,,,,
Java Developer,Masters,Local,1,Accepted,,,,,,,,,,,,,,,,,,,,,
Java Developer,High School,Regional,3,Rejected,,,,,,,,,,,,,,,,,,,,,
Java Developer,Bachelors,Global,2,Accepted,,,,,,,,,,,,,,,,,,,,,
Java Developer,Bachelors,Local,5,Accepted,,,,,,,,,,,,,,,,,,,,,
Java Developer,High School,National,2,Accepted,,,,,,,,,,,,,,,,,,,,,
Java Developer,Bachelors,National,4,Accepted,,,,,,,,,,,,,,,,,,,,,
Java Developer,Bachelors,Local,4,Accepted,,,,,,,,,,,,,,,,,,,,,
Java Developer,Bachelors,National,1,Rejected,,,,,,,,,,,,,,,,,,,,,
Java Developer,Bachelors,Global,3,Rejected,,,,,,,,,,,,,,,,,,,,,
Java Developer,Bachelors,Regional,5,Accepted,,,,,,,,,,,,,,,,,,,,,
Java Developer,High School,National,2,Rejected,,,,,,,,,,,,,,,,,,,,,
Java Developer,High School,Regional,5,Rejected,,,,,,,,,,,,,,,,,,,,,
Java Developer,Bachelors,Regional,5,Accepted,,,,,,,,,,,,,,,,,,,,,
Java Developer,Bachelors,National,4,Accepted,,,,,,,,,,,,,,,,,,,,,
Java Developer,Bachelors,Global,5,Rejected,,,,,,,,,,,,,,,,,,,,,
Java Developer,Masters,National,3,Rejected,,,,,,,,,,,,,,,,,,,,,
Java Developer,High School,Global,4,Rejected,,,,,,,,,,,,,,,,,,,,,
Java Developer,Masters,Regional,4,Accepted,,,,,,,,,,,,,,,,,,,,,
Java Developer,Masters,Regional,4,Rejected,,,,,,,,,,,,,,,,,,,,,
Java Developer,High School,National,3,Accepted,,,,,,,,,,,,,,,,,,,,,
Java Developer,Masters,Regional,3,Accepted,,,,,,,,,,,,,,,,,,,,,
Java Developer,High School,Regional,4,Rejected,,,,,,,,,,,,,,,,,,,,,
Java Developer,High School,National,2,Rejected,,,,,,,,,,,,,,,,,,,,,
Java Developer,Masters,National,4,Accepted,,,,,,,,,,,,,,,,,,,,,
Java Developer,Masters,Regional,1,Accepted,,,,,,,,,,,,,,,,,,,,,
Java Developer,High School,National,4,Accepted,,,,,,,,,,,,,,,,,,,,,
Java Developer,Masters,Regional,3,Rejected,,,,,,,,,,,,,,,,,,,,,
Java Developer,Bachelors,National,2,Accepted,,,,,,,,,,,,,,,,,,,,,
Java Developer,High School,National,5,Rejected,,,,,,,,,,,,,,,,,,,,,
Java Developer,Masters,Regional,3,Rejected,,,,,,,,,,,,,,,,,,,,,
Java Developer,Masters,National,5,Rejected,,,,,,,,,,,,,,,,,,,,,
Java Developer,Masters,National,2,Rejected,,,,,,,,,,,,,,,,,,,,,
Java Developer,High School,Regional,4,Accepted,,,,,,,,,,,,,,,,,,,,,
Java Developer,High School,Regional,5,Rejected,,,,,,,,,,,,,,,,,,,,,
Java Developer,Masters,Local,5,Rejected,,,,,,,,,,,,,,,,,,,,,
Java Developer,High School,Local,1,Accepted,,,,,,,,,,,,,,,,,,,,,
Java Developer,Masters,National,5,Accepted,,,,,,,,,,,,,,,,,,,,,
Java Developer,Bachelors,Global,5,Rejected,,,,,,,,,,,,,,,,,,,,,
Java Developer,Masters,National,2,Rejected,,,,,,,,,,,,,,,,,,,,,
Java Developer,Bachelors,National,3,Accepted,,,,,,,,,,,,,,,,,,,,,
software developer,High School,National,5,Accepted,,,,,,,,,,,,,,,,,,,,,
software developer,Masters,National,2,Accepted,,,,,,,,,,,,,,,,,,,,,
software developer,Bachelors,Regional,3,Accepted,,,,,,,,,,,,,,,,,,,,,
software developer,High School,National,1,Rejected,,,,,,,,,,,,,,,,,,,,,
software developer,Bachelors,Global,5,Accepted,,,,,,,,,,,,,,,,,,,,,
software developer,Masters,Local,1,Accepted,,,,,,,,,,,,,,,,,,,,,
software developer,Bachelors,Regional,2,Rejected,,,,,,,,,,,,,,,,,,,,,
software developer,Bachelors,Regional,3,Rejected,,,,,,,,,,,,,,,,,,,,,
software developer,Masters,Global,2,Accepted,,,,,,,,,,,,,,,,,,,,,
software developer,Bachelors,National,1,Rejected,,,,,,,,,,,,,,,,,,,,,
software developer,High School,Regional,4,Accepted,,,,,,,,,,,,,,,,,,,,,
software developer,High School,Local,4,Rejected,,,,,,,,,,,,,,,,,,,,,
software developer,Bachelors,Regional,1,Rejected,,,,,,,,,,,,,,,,,,,,,
software developer,Bachelors,Local,4,Accepted,,,,,,,,,,,,,,,,,,,,,
software developer,Masters,Regional,1,Accepted,,,,,,,,,,,,,,,,,,,,,
software developer,Masters,Local,4,Rejected,,,,,,,,,,,,,,,,,,,,,
software developer,High School,Local,5,Accepted,,,,,,,,,,,,,,,,,,,,,
software developer,High School,National,3,Rejected,,,,,,,,,,,,,,,,,,,,,
software developer,High School,Local,2,Accepted,,,,,,,,,,,,,,,,,,,,,
software developer,High School,Local,4,Accepted,,,,,,,,,,,,,,,,,,,,,
software developer,Masters,Regional,1,Rejected,,,,,,,,,,,,,,,,,,,,,
software developer,Bachelors,Local,3,Rejected,,,,,,,,,,,,,,,,,,,,,
software developer,High School,Local,3,Accepted,,,,,,,,,,,,,,,,,,,,,
software developer,High School,Global,3,Rejected,,,,,,,,,,,,,,,,,,,,,
software developer,High School,Regional,4,Rejected,,,,,,,,,,,,,,,,,,,,,
software developer,High School,National,1,Accepted,,,,,,,,,,,,,,,,,,,,,
software developer,High School,Global,5,Accepted,,,,,,,,,,,,,,,,,,,,,
software developer,Bachelors,Global,2,Rejected,,,,,,,,,,,,,,,,,,,,,
software developer,Bachelors,Regional,2,Accepted,,,,,,,,,,,,,,,,,,,,,
software developer,High School,Regional,3,Accepted,,,,,,,,,,,,,,,,,,,,,
software developer,Bachelors,Local,5,Accepted,,,,,,,,,,,,,,,,,,,,,
software developer,High School,National,5,Rejected,,,,,,,,,,,,,,,,,,,,,
software developer,Masters,Local,2,Rejected,,,,,,,,,,,,,,,,,,,,,
software developer,Masters,Local,1,Rejected,,,,,,,,,,,,,,,,,,,,,
software developer,Masters,Local,2,Rejected,,,,,,,,,,,,,,,,,,,,,
software developer,Masters,Global,5,Accepted,,,,,,,,,,,,,,,,,,,,,
software developer,Bachelors,Local,4,Accepted,,,,,,,,,,,,,,,,,,,,,
software developer,Masters,National,3,Rejected,,,,,,,,,,,,,,,,,,,,,
software developer,High School,Local,1,Accepted,,,,,,,,,,,,,,,,,,,,,
software developer,High School,National,4,Rejected,,,,,,,,,,,,,,,,,,,,,
software developer,Bachelors,Regional,2,Rejected,,,,,,,,,,,,,,,,,,,,,
software developer,Masters,National,2,Rejected,,,,,,,,,,,,,,,,,,,,,
software developer,Masters,Global,5,Rejected,,,,,,,,,,,,,,,,,,,,,
software developer,Masters,Regional,5,Accepted,,,,,,,,,,,,,,,,,,,,,
software developer,Masters,Local,1,Accepted,,,,,,,,,,,,,,,,,,,,,
software developer,Bachelors,Global,2,Accepted,,,,,,,,,,,,,,,,,,,,,
software developer,Bachelors,Local,4,Rejected,,,,,,,,,,,,,,,,,,,,,
software developer,Masters,Regional,4,Accepted,,,,,,,,,,,,,,,,,,,,,
software developer,Masters,Global,1,Accepted,,,,,,,,,,,,,,,,,,,,,
software developer,High School,Global,4,Accepted,,,,,,,,,,,,,,,,,,,,,
software developer,Bachelors,Regional,5,Accepted,,,,,,,,,,,,,,,,,,,,,
Network Administrator,High School,Local,3,Rejected,,,,,,,,,,,,,,,,,,,,,
Network Administrator,Masters,Global,1,Rejected,,,,,,,,,,,,,,,,,,,,,
Network Administrator,High School,Global,1,Accepted,,,,,,,,,,,,,,,,,,,,,
Network Administrator,High School,Local,3,Accepted,,,,,,,,,,,,,,,,,,,,,
Network Administrator,Bachelors,National,3,Rejected,,,,,,,,,,,,,,,,,,,,,
Network Administrator,Masters,Global,1,Rejected,,,,,,,,,,,,,,,,,,,,,
Network Administrator,High School,Regional,1,Accepted,,,,,,,,,,,,,,,,,,,,,
Network Administrator,High School,National,1,Accepted,,,,,,,,,,,,,,,,,,,,,
Network Administrator,Masters,Global,2,Accepted,,,,,,,,,,,,,,,,,,,,,
Network Administrator,Masters,Regional,4,Accepted,,,,,,,,,,,,,,,,,,,,,
Network Administrator,Masters,Local,4,Accepted,,,,,,,,,,,,,,,,,,,,,
Network Administrator,High School,National,4,Accepted,,,,,,,,,,,,,,,,,,,,,
Network Administrator,Bachelors,Regional,4,Rejected,,,,,,,,,,,,,,,,,,,,,
Network Administrator,Bachelors,National,1,Rejected,,,,,,,,,,,,,,,,,,,,,
Network Administrator,High School,Regional,3,Accepted,,,,,,,,,,,,,,,,,,,,,
Network Administrator,High School,Local,1,Accepted,,,,,,,,,,,,,,,,,,,,,
Network Administrator,Bachelors,Regional,4,Accepted,,,,,,,,,,,,,,,,,,,,,
Network Administrator,Bachelors,Local,3,Accepted,,,,,,,,,,,,,,,,,,,,,
Network Administrator,High School,Global,3,Rejected,,,,,,,,,,,,,,,,,,,,,
Network Administrator,High School,National,3,Accepted,,,,,,,,,,,,,,,,,,,,,
Network Administrator,Bachelors,Regional,1,Rejected,,,,,,,,,,,,,,,,,,,,,
Network Administrator,Masters,Regional,4,Rejected,,,,,,,,,,,,,,,,,,,,,
Network Administrator,Masters,National,3,Accepted,,,,,,,,,,,,,,,,,,,,,
Network Administrator,High School,Regional,1,Rejected,,,,,,,,,,,,,,,,,,,,,
Network Administrator,Masters,Regional,4,Accepted,,,,,,,,,,,,,,,,,,,,,
Network Administrator,Masters,Regional,5,Accepted,,,,,,,,,,,,,,,,,,,,,
Network Administrator,Masters,National,4,Accepted,,,,,,,,,,,,,,,,,,,,,
Network Administrator,High School,Regional,5,Rejected,,,,,,,,,,,,,,,,,,,,,
Network Administrator,High School,Regional,1,Accepted,,,,,,,,,,,,,,,,,,,,,
Network Administrator,High School,Regional,5,Accepted,,,,,,,,,,,,,,,,,,,,,
Network Administrator,Bachelors,Global,3,Accepted,,,,,,,,,,,,,,,,,,,,,
Network Administrator,High School,Global,5,Rejected,,,,,,,,,,,,,,,,,,,,,
Network Administrator,Bachelors,National,3,Accepted,,,,,,,,,,,,,,,,,,,,,
Network Administrator,Bachelors,Local,2,Accepted,,,,,,,,,,,,,,,,,,,,,
Network Administrator,Masters,Local,2,Accepted,,,,,,,,,,,,,,,,,,,,,
Network Administrator,Bachelors,Global,3,Rejected,,,,,,,,,,,,,,,,,,,,,
Network Administrator,High School,National,3,Accepted,,,,,,,,,,,,,,,,,,,,,
Network Administrator,Bachelors,Global,3,Accepted,,,,,,,,,,,,,,,,,,,,,
Network Administrator,Bachelors,Global,3,Rejected,,,,,,,,,,,,,,,,,,,,,
Network Administrator,Bachelors,Regional,1,Rejected,,,,,,,,,,,,,,,,,,,,,
Network Administrator,Bachelors,Global,1,Accepted,,,,,,,,,,,,,,,,,,,,,
Network Administrator,Masters,Local,5,Rejected,,,,,,,,,,,,,,,,,,,,,
Network Administrator,Bachelors,Regional,2,Accepted,,,,,,,,,,,,,,,,,,,,,
Network Administrator,Bachelors,Local,1,Rejected,,,,,,,,,,,,,,,,,,,,,
Network Administrator,Bachelors,Local,1,Accepted,,,,,,,,,,,,,,,,,,,,,
Network Administrator,Bachelors,Local,2,Rejected,,,,,,,,,,,,,,,,,,,,,
Network Administrator,High School,Regional,5,Accepted,,,,,,,,,,,,,,,,,,,,,
Network Administrator,Masters,National,3,Rejected,,,,,,,,,,,,,,,,,,,,,
Network Administrator,High School,Local,3,Accepted,,,,,,,,,,,,,,,,,,,,,
Network Administrator,High School,National,1,Rejected,,,,,,,,,,,,,,,,,,,,,
Systems Administrator,Masters,Local,1,Rejected,,,,,,,,,,,,,,,,,,,,,
Systems Administrator,High School,National,1,Accepted,,,,,,,,,,,,,,,,,,,,,
Systems Administrator,Bachelors,National,4,Rejected,,,,,,,,,,,,,,,,,,,,,
Systems Administrator,Bachelors,Regional,4,Rejected,,,,,,,,,,,,,,,,,,,,,
Systems Administrator,Bachelors,Local,5,Rejected,,,,,,,,,,,,,,,,,,,,,
Systems Administrator,Bachelors,Local,3,Rejected,,,,,,,,,,,,,,,,,,,,,
Systems Administrator,Masters,Local,3,Rejected,,,,,,,,,,,,,,,,,,,,,
Systems Administrator,High School,Local,4,Accepted,,,,,,,,,,,,,,,,,,,,,
Systems Administrator,Masters,Regional,1,Rejected,,,,,,,,,,,,,,,,,,,,,
Systems Administrator,High School,Regional,5,Rejected,,,,,,,,,,,,,,,,,,,,,
Systems Administrator,High School,Global,2,Accepted,,,,,,,,,,,,,,,,,,,,,
Systems Administrator,Bachelors,Regional,3,Rejected,,,,,,,,,,,,,,,,,,,,,
Systems Administrator,Masters,Local,1,Rejected,,,,,,,,,,,,,,,,,,,,,
Systems Administrator,High School,National,5,Rejected,,,,,,,,,,,,,,,,,,,,,
Systems Administrator,Bachelors,Regional,5,Accepted,,,,,,,,,,,,,,,,,,,,,
Systems Administrator,Bachelors,Local,3,Accepted,,,,,,,,,,,,,,,,,,,,,
Systems Administrator,Masters,Global,4,Accepted,,,,,,,,,,,,,,,,,,,,,
Systems Administrator,High School,Local,2,Accepted,,,,,,,,,,,,,,,,,,,,,
Systems Administrator,High School,National,2,Accepted,,,,,,,,,,,,,,,,,,,,,
Systems Administrator,Masters,Local,2,Rejected,,,,,,,,,,,,,,,,,,,,,
Systems Administrator,Bachelors,Global,2,Rejected,,,,,,,,,,,,,,,,,,,,,
Systems Administrator,Bachelors,Regional,5,Rejected,,,,,,,,,,,,,,,,,,,,,
Systems Administrator,Masters,Local,4,Rejected,,,,,,,,,,,,,,,,,,,,,
Systems Administrator,High School,Regional,2,Rejected,,,,,,,,,,,,,,,,,,,,,
Systems Administrator,Masters,Local,4,Rejected,,,,,,,,,,,,,,,,,,,,,
Systems Administrator,Bachelors,National,4,Accepted,,,,,,,,,,,,,,,,,,,,,
Systems Administrator,Bachelors,Global,3,Accepted,,,,,,,,,,,,,,,,,,,,,
Systems Administrator,Bachelors,Global,4,Rejected,,,,,,,,,,,,,,,,,,,,,
Systems Administrator,Masters,Regional,4,Rejected,,,,,,,,,,,,,,,,,,,,,
Systems Administrator,Bachelors,National,1,Accepted,,,,,,,,,,,,,,,,,,,,,
Systems Administrator,Bachelors,Regional,3,Rejected,,,,,,,,,,,,,,,,,,,,,
Systems Administrator,Masters,Regional,1,Accepted,,,,,,,,,,,,,,,,,,,,,
Systems Administrator,Bachelors,Regional,5,Rejected,,,,,,,,,,,,,,,,,,,,,
Systems Administrator,Masters,Regional,4,Accepted,,,,,,,,,,,,,,,,,,,,,
Systems Administrator,Bachelors,Global,3,Rejected,,,,,,,,,,,,,,,,,,,,,
Systems Administrator,High School,Local,4,Accepted,,,,,,,,,,,,,,,,,,,,,
Systems Administrator,Bachelors,Regional,2,Accepted,,,,,,,,,,,,,,,,,,,,,
Systems Administrator,High School,Local,3,Accepted,,,,,,,,,,,,,,,,,,,,,
Systems Administrator,High School,Global,4,Accepted,,,,,,,,,,,,,,,,,,,,,
Systems Administrator,Bachelors,Global,4,Rejected,,,,,,,,,,,,,,,,,,,,,
Systems Administrator,Masters,Global,4,Rejected,,,,,,,,,,,,,,,,,,,,,
Systems Administrator,Bachelors,Local,4,Rejected,,,,,,,,,,,,,,,,,,,,,
Systems Administrator,Bachelors,Regional,2,Rejected,,,,,,,,,,,,,,,,,,,,,
Systems Administrator,High School,Regional,5,Rejected,,,,,,,,,,,,,,,,,,,,,
Systems Administrator,High School,National,1,Rejected,,,,,,,,,,,,,,,,,,,,,
Systems Administrator,High School,Global,3,Accepted,,,,,,,,,,,,,,,,,,,,,
Systems Administrator,Bachelors,Local,2,Accepted,,,,,,,,,,,,,,,,,,,,,
Systems Administrator,High School,Global,2,Accepted,,,,,,,,,,,,,,,,,,,,,
Systems Administrator,Bachelors,Local,5,Accepted,,,,,,,,,,,,,,,,,,,,,
Systems Administrator,High School,Regional,3,Accepted,,,,,,,,,,,,,,,,,,,,,
Systems Administrator,Masters,Local,5,Accepted,,,,,,,,,,,,,,,,,,,,,
IT support specialist,Bachelors,Local,3,Rejected,,,,,,,,,,,,,,,,,,,,,
IT support specialist,High School,National,1,Accepted,,,,,,,,,,,,,,,,,,,,,
IT support specialist,High School,Global,4,Accepted,,,,,,,,,,,,,,,,,,,,,
IT support specialist,High School,Regional,4,Rejected,,,,,,,,,,,,,,,,,,,,,
IT support specialist,Bachelors,National,2,Rejected,,,,,,,,,,,,,,,,,,,,,
IT support specialist,Masters,Global,2,Accepted,,,,,,,,,,,,,,,,,,,,,
IT support specialist,High School,National,5,Rejected,,,,,,,,,,,,,,,,,,,,,
IT support specialist,Bachelors,Local,5,Accepted,,,,,,,,,,,,,,,,,,,,,
IT support specialist,Masters,National,5,Rejected,,,,,,,,,,,,,,,,,,,,,
IT support specialist,Masters,National,5,Rejected,,,,,,,,,,,,,,,,,,,,,
IT support specialist,High School,Local,5,Accepted,,,,,,,,,,,,,,,,,,,,,
IT support specialist,Bachelors,Global,4,Rejected,,,,,,,,,,,,,,,,,,,,,
IT support specialist,Masters,Global,5,Accepted,,,,,,,,,,,,,,,,,,,,,
IT support specialist,High School,Regional,3,Accepted,,,,,,,,,,,,,,,,,,,,,
IT support specialist,Masters,Regional,1,Accepted,,,,,,,,,,,,,,,,,,,,,
IT support specialist,Masters,Global,2,Rejected,,,,,,,,,,,,,,,,,,,,,
IT support specialist,Masters,National,1,Rejected,,,,,,,,,,,,,,,,,,,,,
IT support specialist,High School,Regional,3,Rejected,,,,,,,,,,,,,,,,,,,,,
IT support specialist,Masters,Local,5,Accepted,,,,,,,,,,,,,,,,,,,,,
IT support specialist,Bachelors,National,5,Rejected,,,,,,,,,,,,,,,,,,,,,
IT support specialist,High School,Local,2,Rejected,,,,,,,,,,,,,,,,,,,,,
IT support specialist,High School,National,4,Accepted,,,,,,,,,,,,,,,,,,,,,
IT support specialist,Masters,National,2,Rejected,,,,,,,,,,,,,,,,,,,,,
IT support specialist,Bachelors,National,5,Accepted,,,,,,,,,,,,,,,,,,,,,
IT support specialist,High School,Local,5,Accepted,,,,,,,,,,,,,,,,,,,,,
IT support specialist,High School,Global,1,Rejected,,,,,,,,,,,,,,,,,,,,,
IT support specialist,High School,National,4,Rejected,,,,,,,,,,,,,,,,,,,,,
IT support specialist,Bachelors,National,5,Accepted,,,,,,,,,,,,,,,,,,,,,
IT support specialist,Bachelors,National,1,Accepted,,,,,,,,,,,,,,,,,,,,,
IT support specialist,Bachelors,National,5,Rejected,,,,,,,,,,,,,,,,,,,,,
IT support specialist,Masters,Global,3,Rejected,,,,,,,,,,,,,,,,,,,,,
IT support specialist,Masters,National,1,Rejected,,,,,,,,,,,,,,,,,,,,,
IT support specialist,High School,Local,4,Accepted,,,,,,,,,,,,,,,,,,,,,
IT support specialist,High School,Global,5,Rejected,,,,,,,,,,,,,,,,,,,,,
IT support specialist,Bachelors,Global,1,Accepted,,,,,,,,,,,,,,,,,,,,,
IT support specialist,Bachelors,Global,1,Rejected,,,,,,,,,,,,,,,,,,,,,
IT support specialist,Bachelors,Local,3,Accepted,,,,,,,,,,,,,,,,,,,,,
IT support specialist,Bachelors,Local,4,Accepted,,,,,,,,,,,,,,,,,,,,,
IT support specialist,High School,Global,4,Accepted,,,,,,,,,,,,,,,,,,,,,
IT support specialist,Bachelors,Global,5,Accepted,,,,,,,,,,,,,,,,,,,,,
IT support specialist,Bachelors,Regional,3,Accepted,,,,,,,,,,,,,,,,,,,,,
IT support specialist,High School,National,5,Rejected,,,,,,,,,,,,,,,,,,,,,
IT support specialist,High School,Local,3,Rejected,,,,,,,,,,,,,,,,,,,,,
IT support specialist,Masters,Regional,3,Accepted,,,,,,,,,,,,,,,,,,,,,
IT support specialist,Bachelors,Regional,2,Rejected,,,,,,,,,,,,,,,,,,,,,
IT support specialist,Masters,Regional,1,Accepted,,,,,,,,,,,,,,,,,,,,,
IT support specialist,Bachelors,Global,3,Accepted,,,,,,,,,,,,,,,,,,,,,
IT support specialist,High School,Global,2,Rejected,,,,,,,,,,,,,,,,,,,,,
IT support specialist,High School,National,1,Accepted,,,,,,,,,,,,,,,,,,,,,
IT support specialist,Bachelors,National,2,Accepted,,,,,,,,,,,,,,,,,,,,,